{
	"schemaVersion": 1,
	"id": "climate-change",
	"version": "${version}",
	"name": "climate-change",
	"description": "This is an example description! Tell everyone what your mod is about!",
	"authors": [
		"Me!"
	],
	"contact": {
		"homepage": "https://fabricmc.net/",
		"sources": "https://github.com/FabricMC/fabric-example-mod"
	},
	"license": "CC0-1.0",
	"icon": "assets/climate-change/icon.png",
	"environment": "*",
	"entrypoints": {
		"main": [
			"mod.climatechange.Climatechange"
		],
		"client": [
			"mod.climatechange.ClimatechangeClient"
		],
		"fabric-datagen": [
			"mod.climatechange.ClimatechangeDataGenerator"
		]
	},
	"mixins": [
		"climate-change.mixins.json",
		{
			"config": "climate-change.client.mixins.json",
			"environment": "client"
		}
	],
	"depends": {
		"fabricloader": ">=0.15.3",
		"minecraft": "~1.20.4",
		"java": ">=17",
		"fabric-api": "*"
	},
	"suggests": {
		"another-mod": "*"
	}
}